player_name,position,draft_year,pick,hit24,hit12,first_3yr_ppg,career_ppg,seasons_over_10ppg,nfl_games
Todd Gurley,RB,2015,10,1,1,25.686667,26.578571,6.0,88
Melvin Gordon,RB,2015,15,1,1,19.276923,22.958333,6.0,112
T.J. Yeldon,RB,2015,36,0,0,12.991667,12.991667,2.0,58
Ameer Abdullah,RB,2015,54,0,0,8.885714,9.630769,0.0,110
Tevin Coleman,RB,2015,73,1,1,14.7,14.7,3.0,89
Duke Johnson,RB,2015,77,1,0,13.50625,13.50625,2.0,97
David Johnson,RB,2015,86,1,1,25.4875,25.4875,5.0,90
Matt Jones,RB,2015,95,0,0,8.953846,8.953846,0.0,22
Jeremy Langford,RB,2015,106,0,0,9.84,9.84,0.0,28
Javorius Allen,RB,2015,125,0,0,10.38125,10.38125,1.0,49
Mike Davis,RB,2015,126,1,0,,14.75,1.0,73
David Cobb,RB,2015,138,0,0,,,0.0,7
Jay Ajayi,RB,2015,149,1,1,14.353333,14.353333,1.0,45
Karlos Williams,RB,2015,155,0,0,11.3,11.3,1.0,11
Cameron Artis-Payne,RB,2015,174,0,0,,,0.0,18
Josh Robinson,RB,2015,205,0,0,,,0.0,5
Marcus Murphy,RB,2015,230,0,0,,4.288889,0.0,13
Kenny Hilliard,RB,2015,235,0,0,,,,0
Ezekiel Elliott,RB,2016,4,1,1,21.94,21.94,8.0,135
Derrick Henry,RB,2016,45,1,1,12.585,24.1625,7.0,135
Kenyan Drake,RB,2016,73,1,0,12.8875,15.5,4.0,98
C.J. Prosise,RB,2016,90,0,0,,3.6,0.0,25
Tyler Ervin,RB,2016,119,0,0,,,0.0,18
Kenneth Dixon,RB,2016,134,0,0,8.533333,8.533333,0.0,18
Devontae Booker,RB,2016,136,0,0,8.91875,9.00625,0.0,82
DeAndre Washington,RB,2016,143,0,0,6.553846,7.61875,0.0,56
Paul Perkins,RB,2016,149,0,0,5.907692,5.907692,0.0,23
Jordan Howard,RB,2016,150,1,1,15.34,15.34,4.0,71
Wendell Smallwood,RB,2016,153,0,0,9.030769,9.030769,0.0,46
Jonathan Williams,RB,2016,156,0,0,1.55,1.55,0.0,29
Alex Collins,RB,2016,171,1,0,11.4,11.4,2.0,48
Keenan Reynolds,RB,2016,182,0,0,,,,0
Kelvin Taylor,RB,2016,211,0,0,,,,0
Darius Jackson,RB,2016,216,0,0,,,0.0,1
Dwayne Washington,RB,2016,236,0,0,4.427273,4.427273,0.0,32
Daniel Lasco,RB,2016,237,0,0,,,0.0,3
Keith Marshall,RB,2016,242,0,0,,,,0
Zac Brooks,RB,2016,247,0,0,,,,0
Leonard Fournette,RB,2017,4,1,1,17.707692,18.257143,6.0,80
Christian McCaffrey,RB,2017,8,1,1,29.45,29.45,5.0,95
Dalvin Cook,RB,2017,41,1,1,20.885714,24.128571,5.0,89
Joe Mixon,RB,2017,48,1,1,17.385714,17.99375,7.0,111
Alvin Kamara,RB,2017,67,1,1,23.613333,25.186667,8.0,115
Kareem Hunt,RB,2017,86,1,1,20.927273,20.927273,6.0,104
D'Onta Foreman,RB,2017,89,0,0,6.333333,10.433333,2.0,59
James Conner,RB,2017,105,1,1,21.538462,21.538462,7.0,105
Samaje Perine,RB,2017,114,0,0,8.346154,8.88125,0.0,94
Tarik Cohen,RB,2017,119,1,1,14.62125,14.62125,2.0,51
Joe Williams,RB,2017,121,0,0,,,,0
Donnel Pumphrey,RB,2017,132,0,0,,,,0
Jamaal Williams,RB,2017,134,1,0,10.45,13.288235,3.0,114
Wayne Gallman,RB,2017,140,0,0,8.069231,9.757143,0.0,55
Marlon Mack,RB,2017,143,1,0,14.841667,14.841667,2.0,51
Brian Hill,RB,2017,156,0,0,6.72,6.72,0.0,33
Jeremy McNichols,RB,2017,162,0,0,,5.661538,0.0,43
T.J. Logan,RB,2017,179,0,0,,,0.0,9
Aaron Jones,RB,2017,182,1,1,19.675,19.675,7.0,112
Elijah McGuire,RB,2017,188,0,0,10.7375,10.7375,1.0,23
De'Angelo Henderson,RB,2017,203,0,0,,,0.0,4
Brandon Wilson,RB,2017,207,0,0,,,0.0,2
Devante Mays,RB,2017,238,0,0,,,0.0,2
Khalfani Muhammad,RB,2017,241,0,0,,,,0
Elijah Hood,RB,2017,242,0,0,,,,0
Chris Carson,RB,2017,249,1,0,15.506667,15.65,3.0,49
Matthew Dayes,RB,2017,252,0,0,,,0.0,5
Saquon Barkley,RB,2018,2,1,1,24.1125,24.1125,6.0,90
Rashaad Penny,RB,2018,27,0,0,8.366667,12.17,1.0,42
Sony Michel,RB,2018,31,1,0,10.7,10.7,1.0,64
Nick Chubb,RB,2018,35,1,1,17.308333,17.308333,5.0,85
Ronald Jones II,RB,2018,38,0,0,13.307143,13.307143,2.0,56
Kerryon Johnson,RB,2018,43,0,0,13.94,13.94,2.0,32
Derrius Guice,RB,2018,59,0,0,,,0.0,5
Royce Freeman,RB,2018,71,0,0,8.8875,8.8875,0.0,65
Nyheim Hines,RB,2018,104,0,0,12.075,12.075,2.0,81
Mark Walton,RB,2018,112,0,0,,,0.0,13
Ito Smith,RB,2018,126,0,0,7.515385,7.515385,0.0,35
Kalen Ballage,RB,2018,131,0,0,8.536364,8.536364,0.0,41
Chase Edmonds,RB,2018,134,0,0,10.5,11.941667,2.0,80
Jordan Wilkins,RB,2018,169,0,0,5.108333,5.108333,0.0,41
John Kelly,RB,2018,176,0,0,,,0.0,5
Boston Scott,RB,2018,201,0,0,12.3625,12.3625,2.0,56
Trenton Cannon,RB,2018,204,0,0,4.427273,4.427273,0.0,18
David Williams,RB,2018,226,0,0,,,,0
Bo Scarbrough,RB,2018,236,0,0,,,0.0,7
Nick Bawden,RB,2018,237,0,0,,,0.0,11
Justin Jackson,RB,2018,251,0,0,8.1625,8.1625,0.0,48
Josh Jacobs,RB,2019,24,1,1,15.42,19.311765,6.0,90
Miles Sanders,RB,2019,53,1,1,14.2,14.2,3.0,84
Darrell Henderson,RB,2019,70,0,0,13.616667,13.616667,1.0,48
David Montgomery,RB,2019,73,1,1,17.653333,17.653333,6.0,88
Devin Singletary,RB,2019,74,1,1,12.325,12.325,3.0,93
Damien Harris,RB,2019,87,1,0,14.006667,14.006667,1.0,43
Alexander Mattison,RB,2019,102,0,0,7.86875,9.814286,0.0,89
Bryce Love,RB,2019,112,0,0,,,,0
Justice Hill,RB,2019,113,0,0,3.3,8.473333,0.0,65
Benny Snell Jr.,RB,2019,122,0,0,5.263636,5.263636,0.0,42
Tony Pollard,RB,2019,128,1,1,10.84,15.55,4.0,94
Ryquell Armstead,RB,2019,140,0,0,3.657143,3.657143,0.0,16
Qadree Ollison,RB,2019,152,0,0,,,0.0,13
Jordan Scarlett,RB,2019,154,0,0,,,0.0,1
Trayveon Williams,RB,2019,182,0,0,,1.064286,0.0,26
Ty Johnson,RB,2019,186,0,0,7.8,7.8,0.0,74
Dexter Williams,RB,2019,194,0,0,,,0.0,3
Travis Homer,RB,2019,204,0,0,5.15,5.3875,0.0,38
Rodney Anderson,RB,2019,211,0,0,,,,0
Darwin Thompson,RB,2019,214,0,0,3.21,3.21,0.0,15
Mike Weber,RB,2019,218,0,0,,,,0
Cullen Gillaspia,RB,2019,220,0,0,,,0.0,1
Kerrith Whyte Jr,RB,2019,222,0,0,,,0.0,6
Chandler Cox,RB,2019,233,0,0,,,0.0,2
Myles Gaskin,RB,2019,234,0,0,16.42,16.42,2.0,38
Clyde Edwards-Helaire,RB,2020,32,1,0,13.538462,13.538462,2.0,50
D'Andre Swift,RB,2020,35,1,0,16.069231,16.069231,5.0,73
Jonathan Taylor,RB,2020,41,1,1,21.947059,21.947059,5.0,67
Cam Akers,RB,2020,52,0,0,9.42,9.42,0.0,49
J.K. Dobbins,RB,2020,55,1,0,11.233333,14.753846,3.0,37
AJ Dillon,RB,2020,62,0,0,10.917647,10.917647,1.0,58
Antonio Gibson,RB,2020,66,1,0,14.442857,14.442857,3.0,78
Ke'Shawn Vaughn,RB,2020,76,0,0,,,0.0,23
Zack Moss,RB,2020,86,0,0,8.092308,12.114286,2.0,61
Darrynton Evans,RB,2020,93,0,0,,,0.0,15
Joshua Kelley,RB,2020,112,0,0,6.246154,6.246154,0.0,51
La'Mical Perine,RB,2020,120,0,0,5.833333,5.833333,0.0,13
Anthony McFarland Jr.,RB,2020,124,0,0,2.063636,2.063636,0.0,15
DeeJay Dallas,RB,2020,144,0,0,7.1125,7.1125,0.0,47
Jason Huntley,RB,2020,172,0,0,,,0.0,4
Eno Benjamin,RB,2020,222,0,0,7.466667,7.466667,0.0,19
Raymond Calais,RB,2020,245,0,0,,,,0
Malcolm Perry,RB,2020,246,0,0,3.0875,3.0875,0.0,8
Najee Harris,RB,2021,24,1,1,17.688235,17.688235,4.0,68
Travis Etienne,RB,2021,25,1,1,16.611765,16.611765,2.0,49
Javonte Williams,RB,2021,35,1,0,12.052941,12.052941,2.0,54
Trey Sermon,RB,2021,88,0,0,2.5375,3.842857,0.0,28
Michael Carter,RB,2021,107,0,0,11.028571,11.028571,1.0,48
Kene Nwangwu,RB,2021,119,0,0,,,0.0,13
Rhamondre Stevenson,RB,2021,120,1,1,14.652941,14.652941,3.0,56
Chuba Hubbard,RB,2021,126,1,0,10.735294,16.106667,2.0,60
Kenneth Gainwell,RB,2021,150,0,0,7.7125,7.7125,0.0,65
Elijah Mitchell,RB,2021,194,1,0,15.0,15.0,1.0,27
Gary Brightwell,RB,2021,196,0,0,3.625,3.625,0.0,13
Larry Rountree,RB,2021,198,0,0,1.95,1.95,0.0,10
Chris Evans,RB,2021,202,0,0,5.533333,5.533333,0.0,14
Demetric Felton,RB,2021,211,0,0,4.590909,4.590909,0.0,15
Khalil Herbert,RB,2021,217,0,0,9.375,9.375,0.0,47
Jake Funk,RB,2021,233,0,0,,,0.0,3
Gerrid Doaks,RB,2021,244,0,0,,,,0
Kylin Hill,RB,2021,256,0,0,,,0.0,5
Jermar Jefferson,RB,2021,257,0,0,,,0.0,6
Breece Hall,RB,2022,36,1,1,17.088235,17.088235,2.0,40
Kenneth Walker III,RB,2022,41,1,0,16.472727,16.472727,3.0,41
James Cook,RB,2022,63,1,1,16.66875,16.66875,2.0,49
Rachaad White,RB,2022,91,1,1,15.758824,15.758824,2.0,48
Tyrion Davis-Price,RB,2022,93,0,0,,,0.0,7
Brian Robinson Jr.,RB,2022,98,0,0,13.206667,13.206667,2.0,41
Dameon Pierce,RB,2022,107,0,0,12.8,12.8,1.0,35
Zamir White,RB,2022,122,0,0,5.684615,5.684615,0.0,32
Isaiah Spiller,RB,2022,123,0,0,2.111111,2.111111,0.0,14
Pierre Strong,RB,2022,127,0,0,3.292308,3.292308,0.0,28
Hassan Haskins,RB,2022,131,0,0,2.981818,2.981818,0.0,18
Tyler Allgeier,RB,2022,151,0,0,9.9625,9.9625,0.0,50
Snoop Conner,RB,2022,154,0,0,,,0.0,5
Jerome Ford,RB,2022,156,1,0,12.541176,12.541176,1.0,33
Kyren Williams,RB,2022,164,1,1,21.25,21.25,2.0,36
Ty Chandler,RB,2022,169,0,0,7.769231,7.769231,0.0,24
Kevin Harris,RB,2022,183,0,0,,,0.0,9
Tyler Badie,RB,2022,196,0,0,,,0.0,4
Keaontay Ingram,RB,2022,201,0,0,1.81,1.81,0.0,17
Trestan Ebner,RB,2022,203,0,0,,,0.0,7
Brittain Brown,RB,2022,250,0,0,,,,0
Isiah Pacheco,RB,2022,251,1,1,15.278571,15.278571,1.0,38
Zander Horvath,RB,2022,260,0,0,2.325,2.325,0.0,8
Bijan Robinson,RB,2023,8,1,1,20.1,20.1,2.0,34
Jahmyr Gibbs,RB,2023,12,1,1,20.876471,20.876471,2.0,32
Zach Charbonnet,RB,2023,52,0,0,10.805882,10.805882,1.0,33
Kendre Miller,RB,2023,71,0,0,,,0.0,13
Tyjae Spears,RB,2023,81,0,0,9.466667,9.466667,0.0,29
De'Von Achane,RB,2023,84,1,0,17.641176,17.641176,2.0,28
Tank Bigsby,RB,2023,88,0,0,8.6,8.6,0.0,28
Roschon Johnson,RB,2023,115,0,0,6.806667,6.806667,0.0,27
Israel Abanikanda,RB,2023,143,0,0,,,0.0,6
Chase Brown,RB,2023,163,1,1,15.9375,15.9375,1.0,26
Eric Gray,RB,2023,172,0,0,1.93,1.93,0.0,15
Evan Hull,RB,2023,176,0,0,,,0.0,1
Chris Rodriguez,RB,2023,193,0,0,4.7375,4.7375,0.0,14
Deuce Vaughn,RB,2023,212,0,0,,,0.0,11
Zach Evans,RB,2023,215,0,0,,,0.0,4
DeWayne McBride,RB,2023,222,0,0,,,,0
Lew Nichols,RB,2023,235,0,0,,,,0
Kenny McIntosh,RB,2023,237,0,0,,,0.0,7
Jonathon Brooks,RB,2024,46,0,0,,,0.0,3
Trey Benson,RB,2024,66,0,0,3.916667,3.916667,0.0,12
Blake Corum,RB,2024,83,0,0,2.392857,2.392857,0.0,14
MarShawn Lloyd,RB,2024,88,0,0,,,0.0,1
Jaylen Wright,RB,2024,120,0,0,2.053846,2.053846,0.0,13
Bucky Irving,RB,2024,125,1,1,14.376471,14.376471,1.0,17
Will Shipley,RB,2024,127,0,0,,,0.0,5
Ray Davis,RB,2024,128,0,0,7.25625,7.25625,0.0,16
Isaac Guerendo,RB,2024,129,0,0,7.4,7.4,0.0,13
Braelon Allen,RB,2024,134,0,0,5.011765,5.011765,0.0,17
Audric Estime,RB,2024,147,0,0,3.746154,3.746154,0.0,13
Rasheen Ali,RB,2024,165,0,0,,,0.0,4
Tyrone Tracy Jr.,RB,2024,166,0,0,10.723529,10.723529,1.0,17
Keilan Robinson,RB,2024,167,0,0,,,,0
Isaiah Davis,RB,2024,173,0,0,5.1,5.1,0.0,9
Kimani Vidal,RB,2024,181,0,0,3.633333,3.633333,0.0,9
Jase McClellan,RB,2024,186,0,0,,,0.0,2
Jawhar Jordan,RB,2024,205,0,0,,,,0
Dylan Laube,RB,2024,208,0,0,,,0.0,1
Ashton Jeanty,RB,2025,6,1,1,,,,0
Omarion Hampton,RB,2025,22,0,0,,,,0
Quinshon Judkins,RB,2025,36,0,0,,,,0
TreVeyon Henderson,RB,2025,38,1,0,,,,0
RJ Harvey,RB,2025,60,1,0,,,,0
Kaleb Johnson,RB,2025,83,0,0,,,,0
Bhayshul Tuten,RB,2025,104,0,0,,,,0
Cam Skattebo,RB,2025,105,0,0,,,,0
Trevor Etienne,RB,2025,114,0,0,,,,0
Woody Marks,RB,2025,116,0,0,,,,0
Jarquez Hunter,RB,2025,117,0,0,,,,0
Dylan Sampson,RB,2025,126,0,0,,,,0
Jordan James,RB,2025,147,0,0,,,,0
Jaydon Blue,RB,2025,149,0,0,,,,0
DJ Giddens,RB,2025,151,0,0,,,,0
Maxx Williams,TE,2015,55,0,0,5.890909,5.890909,0.0,55
Clive Walford,TE,2015,68,0,0,5.793333,5.793333,0.0,40
Tyler Kroft,TE,2015,85,1,0,8.293333,8.293333,0.0,59
Jeff Heuerman,TE,2015,92,0,0,3.52,7.11,0.0,34
Blake Bell,TE,2015,117,0,0,3.733333,3.733333,0.0,66
MyCole Pruitt,TE,2015,143,0,0,1.89,5.5,0.0,65
C.J. Uzomah,TE,2015,157,1,0,6.8,8.01875,0.0,84
Jesse James,TE,2015,160,1,0,7.014286,7.014286,0.0,78
Nick Boyle,TE,2015,171,0,0,4.4125,5.006667,0.0,64
James O'Shaughnessy,TE,2015,173,0,0,2.492857,3.613333,0.0,62
Nick O'Leary,TE,2015,194,0,0,4.938462,4.938462,0.0,39
Malcolm Johnson,TE,2015,195,0,0,,,0.0,10
Randall Telfer,TE,2015,198,0,0,,,0.0,8
A.J. Derby,TE,2015,202,0,0,5.036364,5.036364,0.0,20
Kennard Backman,TE,2015,213,0,0,,,,0
Ben Koyack,TE,2015,229,0,0,4.566667,4.566667,0.0,18
Geoff Swaim,TE,2015,246,0,0,,7.025,0.0,64
Rory Anderson,TE,2015,254,0,0,,,,0
Gerald Christian,TE,2015,256,0,0,,,0.0,1
Hunter Henry,TE,2016,35,1,1,10.575,12.516667,4.0,112
Austin Hooper,TE,2016,81,1,1,10.1875,14.746154,2.0,134
Nick Vannett,TE,2016,94,0,0,4.926667,4.926667,0.0,75
Tyler Higbee,TE,2016,110,1,1,4.657143,11.457143,1.0,117
Seth Devalve,TE,2016,138,0,0,4.78125,4.78125,0.0,37
Temarrick Hemingway,TE,2016,177,0,0,,,0.0,2
Jerell Adams,TE,2016,184,0,0,3.8,3.8,0.0,15
David Morgan,TE,2016,188,0,0,,,0.0,13
Rico Gathers,TE,2016,217,0,0,,,0.0,6
Thomas Duarte,TE,2016,231,0,0,,,,0
Beau Sandland,TE,2016,252,0,0,,,,0
O.J. Howard,TE,2017,19,1,0,12.05,12.05,1.0,59
Evan Engram,TE,2017,23,1,1,13.675,13.675,5.0,108
David Njoku,TE,2017,29,1,1,9.593333,13.5,3.0,101
Gerald Everett,TE,2017,44,1,1,7.483333,9.3,0.0,109
Adam Shaheen,TE,2017,45,0,0,,3.461538,0.0,37
Jonnu Smith,TE,2017,100,1,1,6.98,13.076471,2.0,112
Michael Roberts,TE,2017,127,0,0,,,0.0,12
Jake Butt,TE,2017,145,0,0,,,0.0,6
George Kittle,TE,2017,146,1,1,16.16875,16.16875,7.0,113
Jordan Leggett,TE,2017,150,0,0,2.415385,2.415385,0.0,13
Jeremy Sprinkle,TE,2017,154,0,0,3.74,3.74,0.0,28
Eric Saubert,TE,2017,174,0,0,,3.3375,0.0,40
Bucky Hodges,TE,2017,201,0,0,,,,0
Mason Schreck,TE,2017,251,0,0,,,0.0,3
Hayden Hurst,TE,2018,25,1,1,9.31875,9.31875,0.0,82
Mike Gesicki,TE,2018,42,1,1,10.62,10.62,1.0,109
Dallas Goedert,TE,2018,49,1,1,10.581818,11.766667,4.0,91
Mark Andrews,TE,2018,86,1,1,13.813333,17.711765,6.0,104
Jordan Akins,TE,2018,98,1,0,6.438462,7.766667,0.0,98
Ian Thomas,TE,2018,101,0,0,8.13,8.13,0.0,69
Chris Herndon,TE,2018,107,1,0,8.085714,8.085714,0.0,31
Will Dissly,TE,2018,120,1,0,4.364286,7.34,0.0,78
Durham Smythe,TE,2018,123,0,0,4.523077,5.507692,0.0,80
Dalton Schultz,TE,2018,137,1,1,9.15625,12.282353,2.0,89
Troy Fumagalli,TE,2018,156,0,0,,,0.0,13
Tyler Conklin,TE,2018,157,1,0,,8.135294,0.0,83
Jaylen Samuels,TE,2018,165,0,0,9.944444,9.944444,0.0,32
Jordan Thomas,TE,2018,211,0,0,4.678571,4.678571,0.0,17
Ryan Izzo,TE,2018,250,0,0,3.09,3.09,0.0,14
T.J. Hockenson,TE,2019,8,1,1,12.108333,14.6,4.0,82
Noah Fant,TE,2019,20,1,1,10.664286,10.664286,1.0,91
Irv Smith Jr.,TE,2019,50,1,0,8.208333,8.208333,0.0,43
Drew Sample,TE,2019,52,0,0,4.93125,4.93125,0.0,55
Josh Oliver,TE,2019,69,0,0,1.56,5.981818,0.0,48
Jace Sternberger,TE,2019,75,0,0,3.675,3.675,0.0,9
Kahale Warring,TE,2019,86,0,0,,,0.0,4
Dawson Knox,TE,2019,96,1,1,10.913333,10.913333,1.0,80
Trevon Wesco,TE,2019,121,0,0,,,0.0,16
Foster Moreau,TE,2019,137,0,0,7.108333,7.108333,0.0,70
Zach Gentry,TE,2019,141,0,0,3.57,3.57,0.0,25
Kaden Smith,TE,2019,176,0,0,2.246154,2.246154,0.0,22
Isaac Nauta,TE,2019,224,0,0,,,0.0,4
Tommy Sweeney,TE,2019,228,0,0,,,0.0,13
Alizé Mack,TE,2019,231,0,0,,,,0
Caleb Wilson,TE,2019,254,0,0,,,,0
Cole Kmet,TE,2020,43,1,1,8.664706,12.073333,1.0,76
Devin Asiasi,TE,2020,91,0,0,,,0.0,7
Josiah Deguara,TE,2020,94,0,0,5.125,5.125,0.0,29
Dalton Keene,TE,2020,101,0,0,,,0.0,3
Adam Trautman,TE,2020,105,0,0,5.754545,5.754545,0.0,62
Harrison Bryant,TE,2020,115,0,0,5.15,5.15,0.0,57
Albert Okwuegbunam,TE,2020,118,0,0,5.846154,5.846154,0.0,24
Colby Parkinson,TE,2020,133,1,0,4.942857,4.942857,0.0,49
Brycen Hopkins,TE,2020,136,0,0,,,0.0,12
Charlie Woerner,TE,2020,190,0,0,,1.45,0.0,20
Tyler Davis,TE,2020,206,0,0,,,0.0,10
Stephen Sullivan,TE,2020,251,0,0,,2.45,0.0,16
Kyle Pitts,TE,2021,4,1,1,10.388235,10.388235,1.0,61
Pat Freiermuth,TE,2021,55,1,1,9.88,9.9,0.0,59
Hunter Long,TE,2021,81,0,0,,,0.0,10
Tommy Tremble,TE,2021,83,0,0,4.646154,5.64,0.0,51
Tre' McKitty,TE,2021,97,0,0,2.15,2.15,0.0,14
John Bates,TE,2021,124,0,0,4.627273,4.627273,0.0,44
Kylen Granson,TE,2021,127,0,0,4.866667,4.866667,0.0,52
Luke Farrell,TE,2021,145,0,0,3.166667,3.166667,0.0,31
Brevin Jordan,TE,2021,147,0,0,6.975,6.975,0.0,28
Noah Gray,TE,2021,162,1,0,4.4125,7.08125,0.0,56
Zach Davidson,TE,2021,168,0,0,,,0.0,2
Trey McBride,TE,2022,55,1,1,15.2375,15.2375,2.0,42
Jelani Woods,TE,2022,73,0,0,6.183333,6.183333,0.0,12
Greg Dulcich,TE,2022,80,0,0,8.61,8.61,0.0,15
Jeremy Ruckert,TE,2022,101,0,0,3.11,3.11,0.0,25
Cade Otton,TE,2022,106,1,0,10.042857,10.042857,1.0,44
Daniel Bellinger,TE,2022,112,0,0,6.818182,6.818182,0.0,31
Charlie Kolar,TE,2022,128,0,0,,,0.0,14
Jake Ferguson,TE,2022,129,1,1,10.417647,10.417647,1.0,42
Isaiah Likely,TE,2022,139,1,0,8.246667,8.246667,0.0,42
Chigoziem Okonkwo,TE,2022,143,1,0,7.1,7.1,0.0,48
Cole Turner,TE,2022,149,0,0,,,0.0,12
Teagan Quitoriano,TE,2022,170,0,0,,,0.0,10
James Mitchell,TE,2022,177,0,0,3.5375,3.5375,0.0,10
Andrew Ogletree,TE,2022,192,0,0,3.57,3.57,0.0,21
Grant Calcaterra,TE,2022,198,0,0,4.6,4.6,0.0,20
Connor Heyward,TE,2022,208,0,0,4.475,4.475,0.0,24
John FitzPatrick,TE,2022,213,0,0,,,0.0,2
Ko Kieft,TE,2022,218,0,0,2.625,2.625,0.0,11
Nick Muse,TE,2022,227,0,0,,,0.0,1
Dalton Kincaid,TE,2023,25,1,1,9.39375,9.39375,0.0,29
Sam LaPorta,TE,2023,34,1,1,14.076471,14.076471,2.0,33
Michael Mayer,TE,2023,35,0,0,5.95,5.95,0.0,23
Luke Musgrave,TE,2023,42,0,0,6.836364,6.836364,0.0,18
Luke Schoonmaker,TE,2023,58,0,0,5.71,5.71,0.0,21
Brenton Strange,TE,2023,61,1,0,6.507143,6.507143,0.0,19
Tucker Kraft,TE,2023,78,1,1,9.605882,9.605882,0.0,27
Darnell Washington,TE,2023,93,0,0,3.461538,3.461538,0.0,21
Cameron Latu,TE,2023,101,0,0,,,,0
Josh Whyle,TE,2023,147,0,0,4.342857,4.342857,0.0,22
Will Mallory,TE,2023,162,0,0,3.518182,3.518182,0.0,18
Payne Durham,TE,2023,171,0,0,,,0.0,11
Davis Allen,TE,2023,175,0,0,,,0.0,10
Zack Kuntz,TE,2023,220,0,0,,,,0
Brayden Willis,TE,2023,247,0,0,,,0.0,1
Brock Bowers,TE,2024,13,1,1,15.452941,15.452941,1.0,17
Ben Sinnott,TE,2024,53,0,0,,,0.0,4
Tip Reiman,TE,2024,82,0,0,,,0.0,5
Ja'Tavion Sanders,TE,2024,101,0,0,4.88,4.88,0.0,15
Theo Johnson,TE,2024,107,1,0,6.81,6.81,0.0,10
Erick All,TE,2024,115,0,0,4.475,4.475,0.0,8
AJ Barner,TE,2024,121,1,0,5.607143,5.607143,0.0,14
Cade Stover,TE,2024,123,0,0,2.638462,2.638462,0.0,13
Jared Wiley,TE,2024,131,0,0,,,0.0,1
Tanner McLachlan,TE,2024,194,0,0,,,,0
Jaheim Bell,TE,2024,231,0,0,,,0.0,3
Devin Culp,TE,2024,246,0,0,,,0.0,2
Colston Loveland,TE,2025,10,1,1,,,,0
Tyler Warren,TE,2025,14,1,1,,,,0
Mason Taylor,TE,2025,42,0,0,,,,0
Terrance Ferguson,TE,2025,46,0,0,,,,0
Elijah Arroyo,TE,2025,50,0,0,,,,0
Harold Fannin,TE,2025,67,1,1,,,,0
Gunnar Helm,TE,2025,120,0,0,,,,0
Mitchell Evans,TE,2025,163,0,0,,,,0
Oronde Gadsden II,TE,2025,165,1,0,,,,0
Jackson Hawes,TE,2025,173,0,0,,,,0
Robbie Ouzts,TE,2025,175,0,0,,,,0
Gavin Bartholomew,TE,2025,202,0,0,,,,0
Thomas Fidone,TE,2025,219,0,0,,,,0
Caleb Lohner,TE,2025,241,0,0,,,,0
Moliki Matavao,TE,2025,248,0,0,,,,0
Luke Lachey,TE,2025,255,0,0,,,,0
Amari Cooper,WR,2015,4,1,1,14.51875,15.40625,9.0,153
Kevin White,WR,2015,7,0,0,,,0.0,15
DeVante Parker,WR,2015,14,1,0,11.675,15.3875,6.0,111
Nelson Agholor,WR,2015,20,1,0,11.71875,11.71875,3.0,144
Breshad Perriman,WR,2015,26,0,0,6.74,9.864286,0.0,75
Phillip Dorsett,WR,2015,29,0,0,6.586667,9.163636,0.0,78
Devin Smith,WR,2015,37,0,0,,,0.0,12
Dorial Green-Beckham,WR,2015,40,0,0,8.064286,8.064286,0.0,28
Devin Funchess,WR,2015,41,0,0,12.1875,12.1875,1.0,61
Tyler Lockett,WR,2015,69,1,1,10.4625,16.5875,7.0,160
Jaelen Strong,WR,2015,70,0,0,4.81,4.81,0.0,17
Chris Conley,WR,2015,76,0,0,6.0625,9.78125,0.0,101
Sammie Coates,WR,2015,87,0,0,7.081818,7.081818,0.0,19
Ty Montgomery,WR,2015,94,0,0,11.45,11.45,2.0,73
Jamison Crowder,WR,2015,105,0,0,12.34375,14.335,4.0,111
Justin Hardy,WR,2015,107,0,0,6.01,6.01,0.0,49
Vince Mayle,WR,2015,123,0,0,,,0.0,4
DeAndre Smelter,WR,2015,132,0,0,,,0.0,1
Rashad Greene,WR,2015,139,0,0,5.144444,5.144444,0.0,18
Stefon Diggs,WR,2015,146,1,1,14.869231,20.5375,10.0,144
Tony Lippett,WR,2015,156,0,0,,,,0
JJ Nelson,WR,2015,159,0,0,9.935714,9.935714,0.0,49
Kenny Bell,WR,2015,162,0,0,,,,0
Keith Mumphery,WR,2015,175,0,0,3.3625,3.3625,0.0,13
Kaelin Clay,WR,2015,184,0,0,2.109091,2.109091,0.0,12
Geremy Davis,WR,2015,186,0,0,,,0.0,8
Evan Spencer,WR,2015,187,0,0,,,,0
Bud Sasser,WR,2015,201,0,0,,,,0
Darren Waller,WR,2015,204,0,0,3.8125,17.4125,4.0,77
Neal Sterling,WR,2015,220,0,0,,,0.0,13
Andre Debose,WR,2015,221,0,0,,,,0
Da'Ron Brown,WR,2015,233,0,0,,,,0
Dezmin Lewis,WR,2015,234,0,0,,,0.0,1
Mario Alford,WR,2015,238,0,0,,,0.0,1
Tre McBride,WR,2015,245,0,0,,,0.0,7
Corey Coleman,WR,2016,15,0,0,9.33,9.33,0.0,25
Will Fuller,WR,2016,21,0,0,11.32,17.172727,3.0,55
Josh Doctson,WR,2016,22,0,0,7.986667,7.986667,0.0,32
Laquon Treadwell,WR,2016,23,0,0,4.746667,6.866667,0.0,59
Sterling Shepard,WR,2016,40,0,0,13.136364,14.18,5.0,98
Michael Thomas,WR,2016,47,1,1,19.71875,23.4125,4.0,83
Tyler Boyd,WR,2016,55,1,0,15.792857,15.792857,5.0,135
Braxton Miller,WR,2016,85,0,0,4.13,4.13,0.0,19
Leonte Carroo,WR,2016,86,0,0,,,0.0,12
Chris Moore,WR,2016,107,0,0,5.99,7.673333,0.0,76
Malcolm Mitchell,WR,2016,112,0,0,8.008333,8.008333,0.0,12
Ricardo Louis,WR,2016,114,0,0,4.478571,4.478571,0.0,21
Pharoh Cooper,WR,2016,117,0,0,2.825,5.045455,0.0,44
Demarcus Robinson,WR,2016,126,0,0,5.342857,10.925,1.0,109
Tajae Sharpe,WR,2016,140,0,0,6.58125,6.58125,0.0,60
Jordan Payton,WR,2016,154,0,0,,,0.0,2
Trevor Davis,WR,2016,163,0,0,,,0.0,17
Tyreek Hill,WR,2016,165,1,1,20.875,23.525,9.0,141
Rashard Higgins,WR,2016,172,0,0,9.092308,10.075,1.0,67
Moritz Boehringer,WR,2016,180,0,0,,,,0
Jakeem Grant,WR,2016,186,0,0,7.23,7.23,0.0,52
Kolby Listenbee,WR,2016,192,0,0,,,,0
Cody Core,WR,2016,199,0,0,3.7,3.7,0.0,19
Mike Thomas,WR,2016,206,0,0,,3.03,0.0,34
Aaron Burbridge,WR,2016,213,0,0,1.975,1.975,0.0,8
Devin Lucien,WR,2016,225,0,0,,,,0
Demarcus Ayers,WR,2016,229,0,0,,,0.0,2
Daniel Braverman,WR,2016,230,0,0,,,0.0,2
Devin Fuller,WR,2016,238,0,0,,,,0
Charone Peake,WR,2016,241,0,0,3.418182,3.418182,0.0,15
Kenny Lawler,WR,2016,243,0,0,,,,0
Corey Davis,WR,2017,5,0,0,11.475,13.671429,3.0,78
Mike Williams,WR,2017,7,1,0,11.2625,15.4125,5.0,99
John Ross,WR,2017,9,0,0,11.875,11.875,1.0,36
Zay Jones,WR,2017,37,1,0,10.325,12.38125,2.0,101
Curtis Samuel,WR,2017,40,0,0,11.566667,14.14,4.0,103
JuJu Smith-Schuster,WR,2017,62,1,1,18.55625,18.55625,4.0,100
Cooper Kupp,WR,2017,69,1,1,16.90625,25.852941,8.0,104
Taywan Taylor,WR,2017,72,0,0,6.738462,6.738462,0.0,31
ArDarius Stewart,WR,2017,79,0,0,1.877778,1.877778,0.0,9
Carlos Henderson,WR,2017,82,0,0,,,,0
Chris Godwin,WR,2017,84,1,1,19.721429,19.721429,6.0,110
Kenny Golladay,WR,2017,96,1,1,15.5,15.5,2.0,67
Chad Williams,WR,2017,98,0,0,4.1,4.1,0.0,16
Amara Darboh,WR,2017,106,0,0,1.8875,1.8875,0.0,8
Dede Westbrook,WR,2017,110,0,0,11.34375,11.34375,2.0,47
Josh Reynolds,WR,2017,117,0,0,9.090909,9.090909,0.0,97
Mack Hollins,WR,2017,118,0,0,4.054545,9.068235,0.0,83
Josh Malone,WR,2017,128,0,0,2.055556,2.055556,0.0,13
Ryan Switzer,WR,2017,133,0,0,4.3375,4.3375,0.0,26
Jehu Chesson,WR,2017,139,0,0,,,0.0,5
Chad Hansen,WR,2017,141,0,0,,,0.0,11
Shelton Gibson,WR,2017,166,0,0,,,0.0,3
Rodney Adams,WR,2017,170,0,0,,,0.0,1
Isaiah McKenzie,WR,2017,172,0,0,5.275,7.986667,0.0,75
DeAngelo Yancey,WR,2017,175,0,0,,,,0
Trent Taylor,WR,2017,177,0,0,6.533333,6.533333,0.0,46
Robert Davis,WR,2017,209,0,0,,,0.0,3
Stacy Coley,WR,2017,219,0,0,,,0.0,2
David Moore,WR,2017,226,0,0,7.214286,7.425,0.0,64
Isaiah Ford,WR,2017,237,0,0,6.0625,6.177778,0.0,28
Noah Brown,WR,2017,239,0,0,,10.16,1.0,66
Malachi Dupre,WR,2017,247,0,0,,,,0
D.J. Moore,WR,2018,24,1,0,15.366667,16.852941,6.0,114
Calvin Ridley,WR,2018,26,1,1,18.766667,18.766667,5.0,83
Courtland Sutton,WR,2018,40,1,0,13.90125,15.01875,4.0,97
Dante Pettis,WR,2018,44,0,0,11.5,11.5,1.0,45
Christian Kirk,WR,2018,47,1,1,12.853846,14.347059,6.0,93
Anthony Miller,WR,2018,51,0,0,8.587143,8.587143,0.0,50
James Washington,WR,2018,60,0,0,8.9,8.9,0.0,59
DJ Chark,WR,2018,61,0,0,15.053333,15.053333,2.0,70
Michael Gallup,WR,2018,81,0,0,15.192857,15.192857,3.0,84
Tre'Quan Smith,WR,2018,91,0,0,7.930769,8.77,0.0,55
Keke Coutee,WR,2018,103,0,0,11.125,11.125,1.0,24
Antonio Callaway,WR,2018,105,0,0,8.26875,8.26875,0.0,23
DaeSean Hamilton,WR,2018,113,0,0,8.2875,8.2875,0.0,32
Jaleel Scott,WR,2018,132,0,0,,,0.0,2
J'Mon Moore,WR,2018,133,0,0,,,0.0,2
Justin Watson,WR,2018,144,0,0,,5.933333,0.0,59
Daurice Fountain,WR,2018,159,0,0,,,0.0,2
Jordan Lasley,WR,2018,162,0,0,,,,0
Marquez Valdes-Scantling,WR,2018,174,0,0,9.807143,9.807143,0.0,101
Damion Ratley,WR,2018,175,0,0,4.222222,4.222222,0.0,19
Deon Cain,WR,2018,185,0,0,1.945455,1.945455,0.0,11
Ray-Ray McCloud,WR,2018,187,0,0,3.109091,8.382353,0.0,70
Dylan Cantrell,WR,2018,191,0,0,,,,0
Russell Gage,WR,2018,194,0,0,11.31625,12.538462,2.0,61
Tremon Smith,WR,2018,196,0,0,,,0.0,2
Equanimeous St. Brown,WR,2018,207,0,0,4.936364,4.936364,0.0,49
Cedrick Wilson Jr.,WR,2018,208,0,0,5.162,10.558571,1.0,57
Braxton Berrios,WR,2018,210,0,0,7.484615,8.073333,0.0,65
Javon Wims,WR,2018,224,0,0,3.872727,3.872727,0.0,22
Marcell Ateman,WR,2018,228,0,0,,,0.0,10
Richie James,WR,2018,240,0,0,,9.892857,0.0,43
Auden Tate,WR,2018,253,0,0,8.458333,8.458333,0.0,28
Austin Proehl,WR,2018,255,0,0,,,,0
Trey Quinn,WR,2018,256,0,0,4.316667,4.316667,0.0,14
Marquise Brown,WR,2019,25,1,0,14.14375,14.14375,5.0,73
N'Keal Harry,WR,2019,32,0,0,5.838462,5.838462,0.0,35
Deebo Samuel,WR,2019,36,1,1,21.185,21.185,5.0,80
A.J. Brown,WR,2019,51,1,1,17.678571,17.678571,6.0,90
Mecole Hardman,WR,2019,56,0,0,8.288235,11.725,1.0,70
JJ Arcega-Whiteside,WR,2019,57,0,0,4.1125,4.1125,0.0,16
Parris Campbell,WR,2019,59,0,0,,8.770588,0.0,44
Andy Isabella,WR,2019,62,0,0,4.981818,4.981818,0.0,24
D.K. Metcalf,WR,2019,64,0,0,17.08125,17.08125,6.0,97
Diontae Johnson,WR,2019,66,1,1,17.15,17.15,5.0,88
Jalen Hurd,WR,2019,67,0,0,,,,0
Terry McLaurin,WR,2019,76,1,1,14.92,15.752941,6.0,97
Miles Boykin,WR,2019,93,0,0,5.353846,5.353846,0.0,33
Hakeem Butler,WR,2019,103,0,0,,,0.0,1
Gary Jennings Jr,WR,2019,120,0,0,,,,0
Riley Ridley,WR,2019,126,0,0,,,0.0,5
Hunter Renfrow,WR,2019,149,1,1,15.241176,15.241176,2.0,69
Darius Slayton,WR,2019,171,0,0,12.142857,12.142857,1.0,89
KeeSean Johnson,WR,2019,174,0,0,4.6,4.6,0.0,18
Travis Fulgham,WR,2019,184,0,0,9.658333,9.658333,0.0,14
Juwann Winfree,WR,2019,187,0,0,,,0.0,9
Marcus Green,WR,2019,203,0,0,,,,0
Kelvin Harmon,WR,2019,206,0,0,5.149231,5.149231,0.0,13
Scott Miller,WR,2019,208,0,0,7.321429,7.321429,0.0,52
John Ursua,WR,2019,236,0,0,,,0.0,1
Terry Godwin,WR,2019,237,0,0,,,0.0,2
Dillon Mitchell,WR,2019,239,0,0,,,,0
Olabisi Johnson,WR,2019,247,0,0,6.076923,6.076923,0.0,21
Henry Ruggs III,WR,2020,12,0,0,6.469231,6.469231,0.0,20
Jerry Jeudy,WR,2020,15,1,0,13.613333,14.170588,2.0,74
CeeDee Lamb,WR,2020,17,1,1,17.741176,23.835294,5.0,81
Jalen Reagor,WR,2020,21,0,0,7.927273,7.927273,0.0,54
Justin Jefferson,WR,2020,22,1,1,21.685882,21.685882,5.0,77
Brandon Aiyuk,WR,2020,25,1,1,15.375,15.575,4.0,68
Tee Higgins,WR,2020,33,1,1,15.778571,18.508333,5.0,67
Michael Pittman Jr.,WR,2020,34,0,0,14.035294,15.7625,4.0,78
Laviska Shenault Jr.,WR,2020,42,0,0,11.221429,11.221429,1.0,57
KJ Hamler,WR,2020,46,0,0,7.508333,7.508333,0.0,21
Chase Claypool,WR,2020,49,1,0,13.43125,13.43125,2.0,53
Van Jefferson,WR,2020,57,0,0,9.894118,9.894118,0.0,69
Denzel Mims,WR,2020,59,0,0,6.744444,6.744444,0.0,28
Lynn Bowden Jr.,WR,2020,80,0,0,5.953333,5.953333,0.0,17
Bryan Edwards,WR,2020,81,0,0,6.81875,6.81875,0.0,29
Devin Duvernay,WR,2020,92,0,0,8.292857,8.292857,0.0,59
Gabriel Davis,WR,2020,128,0,0,11.44,11.44,2.0,71
Antonio Gandy-Golden,WR,2020,142,0,0,,,0.0,4
Joe Reed,WR,2020,151,0,0,,,0.0,3
Tyler Johnson,WR,2020,161,0,0,4.8,5.554545,0.0,37
Collin Johnson,WR,2020,165,0,0,5.92,5.92,0.0,20
Quintez Cephus,WR,2020,166,0,0,6.081818,6.081818,0.0,17
John Hightower,WR,2020,168,0,0,2.88,2.88,0.0,10
Isaiah Coulter,WR,2020,171,0,0,,,0.0,1
Darnell Mooney,WR,2020,173,0,0,12.923529,12.923529,2.0,74
K.J. Osborn,WR,2020,176,0,0,9.323529,9.323529,0.0,55
Donovan Peoples-Jones,WR,2020,187,0,0,9.829412,9.829412,0.0,49
Quez Watkins,WR,2020,200,0,0,6.823529,6.823529,0.0,42
James Proche,WR,2020,201,0,0,,,0.0,21
Isaiah Hodgins,WR,2020,207,0,0,11.133333,11.133333,1.0,25
Dezmon Patmon,WR,2020,212,0,0,,,0.0,5
Freddie Swain,WR,2020,214,0,0,5.40625,5.40625,0.0,31
Jauan Jennings,WR,2020,217,0,0,6.323077,14.033333,1.0,56
K.J. Hill,WR,2020,220,0,0,,,0.0,6
Tyrie Cleveland,WR,2020,252,0,0,,,0.0,9
Ja'Marr Chase,WR,2021,5,1,1,20.2,23.705882,4.0,62
Jaylen Waddle,WR,2021,6,1,1,15.4875,15.4875,3.0,62
DeVonta Smith,WR,2021,10,1,1,14.976471,15.338462,4.0,63
Kadarius Toney,WR,2021,20,0,0,9.151111,9.151111,0.0,33
Rashod Bateman,WR,2021,27,0,0,8.625,10.9125,1.0,49
Elijah Moore,WR,2021,34,0,0,12.563636,12.563636,1.0,58
Rondale Moore,WR,2021,49,0,0,10.9875,10.9875,1.0,39
D'Wayne Eskridge,WR,2021,56,0,0,3.5375,3.5375,0.0,22
Tutu Atwell,WR,2021,57,0,0,8.028571,8.028571,0.0,41
Terrace Marshall Jr.,WR,2021,59,0,0,6.384615,6.384615,0.0,38
Josh Palmer,WR,2021,77,0,0,10.67,10.67,2.0,56
Dyami Brown,WR,2021,82,0,0,3.122222,4.493333,0.0,44
Amari Rodgers,WR,2021,85,0,0,4.788889,4.788889,0.0,14
Nico Collins,WR,2021,89,1,1,17.36,17.55,2.0,51
Anthony Schwartz,WR,2021,91,0,0,2.783333,2.783333,0.0,18
Dez Fitzpatrick,WR,2021,109,0,0,,,0.0,3
Amon-Ra St. Brown,WR,2021,112,1,1,20.68125,20.68125,4.0,65
Jaelon Darden,WR,2021,129,0,0,,,0.0,11
Tylan Wallace,WR,2021,131,0,0,,4.5375,0.0,19
Jacob Harris,WR,2021,141,0,0,,,0.0,1
Ihmir Smith-Marsette,WR,2021,157,0,0,,,0.0,14
Simi Fehoko,WR,2021,179,0,0,,,0.0,8
Cornell Powell,WR,2021,181,0,0,,,,0
Frank Darby,WR,2021,187,0,0,,,0.0,3
Marquez Stevenson,WR,2021,203,0,0,,,,0
Shi Smith,WR,2021,204,0,0,4.106667,4.106667,0.0,20
Racey McMath,WR,2021,205,0,0,,,0.0,9
Jalen Camp,WR,2021,209,0,0,,,0.0,1
Seth Williams,WR,2021,219,0,0,,,0.0,1
Dazz Newsome,WR,2021,221,0,0,,,0.0,3
Mike Strachan,WR,2021,229,0,0,,,0.0,9
Tre Nixon,WR,2021,242,0,0,,,,0
Ben Skowronek,WR,2021,249,0,0,6.021429,6.021429,0.0,34
Kawaan Baker,WR,2021,255,0,0,,,,0
Dax Milne,WR,2021,258,0,0,1.711111,1.711111,0.0,16
Drake London,WR,2022,8,1,1,16.517647,16.517647,3.0,50
Garrett Wilson,WR,2022,10,1,0,14.817647,14.817647,3.0,51
Chris Olave,WR,2022,11,1,0,14.45625,14.45625,2.0,39
Jameson Williams,WR,2022,12,1,0,14.146667,14.146667,1.0,33
Jahan Dotson,WR,2022,16,0,0,10.883333,10.883333,1.0,43
Treylon Burks,WR,2022,18,0,0,8.009091,8.009091,0.0,25
Christian Watson,WR,2022,34,0,0,11.721429,11.721429,2.0,37
Wan'Dale Robinson,WR,2022,43,0,0,10.747059,10.747059,1.0,38
John Metchie,WR,2022,44,0,0,5.54,5.54,0.0,24
Tyquan Thornton,WR,2022,50,0,0,5.525,5.525,0.0,25
George Pickens,WR,2022,52,0,0,12.282353,12.282353,2.0,48
Alec Pierce,WR,2022,53,0,0,10.0875,10.0875,1.0,49
Skyy Moore,WR,2022,54,0,0,4.130769,4.130769,0.0,29
Velus Jones Jr.,WR,2022,71,0,0,4.222222,4.222222,0.0,21
Jalen Tolbert,WR,2022,88,0,0,8.941176,8.941176,0.0,32
David Bell,WR,2022,99,0,0,5.411111,5.411111,0.0,24
Danny Gray,WR,2022,105,0,0,,,0.0,5
Erik Ezukanma,WR,2022,125,0,0,,,0.0,4
Romeo Doubs,WR,2022,132,0,0,10.258824,10.258824,2.0,43
Calvin Austin III,WR,2022,138,0,0,7.105882,7.105882,0.0,31
Khalil Shakir,WR,2022,148,0,0,12.166667,12.166667,1.0,41
Montrell Washington,WR,2022,162,0,0,0.8,0.8,0.0,9
Kyle Philips,WR,2022,163,0,0,4.1375,4.1375,0.0,12
Jalen Nailor,WR,2022,191,0,0,7.0,7.0,0.0,22
Michael Woods II,WR,2022,202,0,0,,,0.0,11
Bo Melton,WR,2022,229,0,0,2.045455,2.045455,0.0,15
Dareke Young,WR,2022,233,0,0,,,0.0,2
Samori Toure,WR,2022,258,0,0,2.225,2.225,0.0,12
Jaxon Smith-Njigba,WR,2023,20,1,0,14.882353,14.882353,1.0,34
Quentin Johnston,WR,2023,21,0,0,11.646667,11.646667,1.0,32
Zay Flowers,WR,2023,22,1,0,12.9,12.9,2.0,33
Jordan Addison,WR,2023,23,1,0,14.166667,14.166667,2.0,32
Jonathan Mingo,WR,2023,39,0,0,5.653333,5.653333,0.0,29
Jayden Reed,WR,2023,50,1,0,13.575,13.575,2.0,33
Rashee Rice,WR,2023,55,1,0,13.28125,13.28125,1.0,19
Marvin Mims,WR,2023,63,0,0,8.09375,8.09375,0.0,31
Tank Dell,WR,2023,69,0,0,16.5,16.5,2.0,24
Jalin Hyatt,WR,2023,73,0,0,4.638462,4.638462,0.0,23
Cedric Tillman,WR,2023,74,0,0,8.933333,8.933333,0.0,20
Josh Downs,WR,2023,79,0,0,13.014286,13.014286,1.0,31
Michael Wilson,WR,2023,94,0,0,8.807692,8.807692,0.0,29
Tre Tucker,WR,2023,100,0,0,7.605882,7.605882,0.0,30
Derius Davis,WR,2023,125,0,0,3.645455,3.645455,0.0,25
Charlie Jones,WR,2023,131,0,0,,,0.0,7
Tyler Scott,WR,2023,133,0,0,2.761538,2.761538,0.0,14
Justin Shorter,WR,2023,150,0,0,,,,0
Dontayvion Wicks,WR,2023,159,0,0,7.984,7.984,0.0,32
Puka Nacua,WR,2023,177,1,1,18.781818,18.781818,2.0,28
Parker Washington,WR,2023,185,0,0,7.461538,7.461538,0.0,19
Kayshon Boutte,WR,2023,187,0,0,8.126667,8.126667,0.0,18
Trey Palmer,WR,2023,191,0,0,5.629412,5.629412,0.0,27
A.T. Perry,WR,2023,195,0,0,7.575,7.575,0.0,8
Elijah Higgins,WR,2023,197,0,0,4.033333,4.033333,0.0,23
Xavier Hutchinson,WR,2023,205,0,0,1.990909,1.990909,0.0,25
Andrei Iosivas,WR,2023,206,0,0,7.052941,7.052941,0.0,26
DeMario Douglas,WR,2023,210,0,0,9.23125,9.23125,0.0,30
Antoine Green,WR,2023,219,0,0,,,0.0,2
Colton Dowell,WR,2023,228,0,0,,,0.0,2
Jalen Brooks,WR,2023,244,0,0,2.975,2.975,0.0,15
Ronnie Bell,WR,2023,253,0,0,3.85,3.85,0.0,11
Grant Dubose,WR,2023,256,0,0,,,0.0,2
Marvin Harrison Jr.,WR,2024,4,0,0,11.558824,11.558824,1.0,17
Malik Nabers,WR,2024,6,1,1,18.24,18.24,1.0,15
Rome Odunze,WR,2024,9,0,0,8.523529,8.523529,0.0,17
Brian Thomas,WR,2024,23,1,1,16.705882,16.705882,1.0,17
Xavier Worthy,WR,2024,28,1,1,11.7,11.7,1.0,16
Ricky Pearsall,WR,2024,31,0,0,9.35,9.35,0.0,10
Xavier Legette,WR,2024,32,0,0,8.34,8.34,0.0,15
Keon Coleman,WR,2024,33,0,0,8.576923,8.576923,0.0,13
Ladd McConkey,WR,2024,34,1,1,15.05625,15.05625,1.0,16
Ja'Lynn Polk,WR,2024,37,0,0,2.515385,2.515385,0.0,13
Adonai Mitchell,WR,2024,52,0,0,3.162353,3.162353,0.0,17
Malachi Corley,WR,2024,65,0,0,,,0.0,5
Jermaine Burton,WR,2024,80,0,0,,,0.0,4
Roman Wilson,WR,2024,84,0,0,,,,0
Jalen McMillan,WR,2024,92,0,0,10.415385,10.415385,1.0,13
Luke McCaffrey,WR,2024,100,0,0,2.9,2.9,0.0,12
Troy Franklin,WR,2024,102,0,0,4.19375,4.19375,0.0,16
Javon Baker,WR,2024,110,0,0,,,0.0,4
Devontez Walker,WR,2024,113,0,0,,,0.0,2
Jacob Cowing,WR,2024,135,0,0,,,0.0,3
Anthony Gould,WR,2024,142,0,0,,,0.0,1
Ainias Smith,WR,2024,152,0,0,,,0.0,3
Jamari Thrash,WR,2024,156,0,0,,,0.0,6
Bub Means,WR,2024,170,0,0,,,0.0,4
Jha'Quan Jackson,WR,2024,182,0,0,,,0.0,2
Malik Washington,WR,2024,184,0,0,4.733333,4.733333,0.0,12
Johnny Wilson,WR,2024,185,0,0,1.644444,1.644444,0.0,9
Casey Washington,WR,2024,187,0,0,,,0.0,2
Tejhaun Palmer,WR,2024,191,0,0,,,,0
Jordan Whittington,WR,2024,213,0,0,,,0.0,6
Ryan Flournoy,WR,2024,216,0,0,,,0.0,7
Brenden Rice,WR,2024,225,0,0,,,,0
Devaughn Vele,WR,2024,235,0,0,8.192308,8.192308,0.0,13
Tahj Washington,WR,2024,241,0,0,,,,0
Cornelius Johnson,WR,2024,253,0,0,,,,0
Travis Hunter,WR,2025,2,0,0,,,,0
Tetairoa McMillan,WR,2025,8,1,0,,,,0
Emeka Egbuka,WR,2025,19,1,0,,,,0
Matthew Golden,WR,2025,23,0,0,,,,0
Jayden Higgins,WR,2025,34,0,0,,,,0
Luther Burden III,WR,2025,39,0,0,,,,0
Tre Harris,WR,2025,55,0,0,,,,0
Kyle Williams,WR,2025,69,0,0,,,,0
Isaac TeSlaa,WR,2025,70,0,0,,,,0
Pat Bryant,WR,2025,74,0,0,,,,0
Chimere Dike,WR,2025,103,0,0,,,,0
Elic Ayomanor,WR,2025,136,0,0,,,,0
Tez Johnson,WR,2025,235,0,0,,,,0
