player_name,position,draft_year,pick,seasons_played,best_rank,best_ppr,hit24,hit12
Henry Ruggs III,WR,2020,12,2,88.0,84.50000095367432,0,0
Jerry Jeudy,WR,2020,15,3,24.0,204.20000000000002,1,0
CeeDee Lamb,WR,2020,17,3,4.0,340.70000000000005,1,1
Jalen Reagor,WR,2020,21,3,91.0,87.19999933242798,0,0
Justin Jefferson,WR,2020,22,4,1.0,380.28000000000003,1,1
Brandon Aiyuk,WR,2020,25,3,16.0,244.70000000000002,1,0
Clyde Edwards-Helaire,RB,2020,32,3,21.0,194.39999961853027,1,0
Tee Higgins,WR,2020,33,3,11.0,279.99999952316284,1,1
Michael Pittman Jr.,WR,2020,34,3,19.0,238.59999918937683,1,0
D'Andre Swift,RB,2020,35,3,19.0,208.9000015258789,1,0
Jonathan Taylor,RB,2020,41,3,1.0,391.60000175237656,1,1
Laviska Shenault Jr.,WR,2020,42,3,47.0,157.09999978542328,0,0
KJ Hamler,WR,2020,46,3,87.0,90.1000007390976,0,0
Chase Claypool,WR,2020,49,3,18.0,237.79999667406082,1,0
Cam Akers,RB,2020,52,3,35.0,145.99999952316284,0,0
J.K. Dobbins,RB,2020,55,2,23.0,191.50000071525574,1,0
Van Jefferson,WR,2020,57,3,37.0,188.90000021457672,0,0
Denzel Mims,WR,2020,59,3,106.0,60.69999980926514,0,0
AJ Dillon,RB,2020,62,3,25.0,194.09999780356884,0,0
Antonio Gibson,RB,2020,66,3,14.0,229.10000085830688,1,0
Ke'Shawn Vaughn,RB,2020,76,3,76.0,50.800000220537186,0,0
Lynn Bowden Jr.,WR,2020,80,1,113.0,53.57999923825264,0,0
Bryan Edwards,WR,2020,81,3,63.0,116.19999945163727,0,0
Zack Moss,RB,2020,86,3,45.0,110.30000066757202,0,0
Devin Duvernay,WR,2020,92,3,64.0,116.10000000000001,0,0
Darrynton Evans,RB,2020,93,3,110.0,16.19999984651804,0,0
Joshua Kelley,RB,2020,112,3,59.0,81.20000010728836,0,0
La'Mical Perine,RB,2020,120,2,76.0,52.500001192092896,0,0
Anthony McFarland Jr.,RB,2020,124,3,98.0,22.69999996572733,0,0
Gabriel Davis,WR,2020,128,3,27.0,200.3,0,0
Antonio Gandy-Golden,WR,2020,142,1,196.0,3.5,0,0
DeeJay Dallas,RB,2020,144,3,69.0,60.10000033676624,0,0
Joe Reed,WR,2020,151,1,182.0,8.900000095367432,0,0
Tyler Johnson,WR,2020,161,6,47.0,125.50000029802322,0,0
Collin Johnson,WR,2020,165,3,108.0,59.20000088214874,0,0
Quintez Cephus,WR,2020,166,3,100.0,66.89999985694885,0,0
John Hightower,WR,2020,168,1,142.0,28.800000227987766,0,0
Isaiah Coulter,WR,2020,171,1,226.0,0.0,0,0
Jason Huntley,RB,2020,172,2,122.0,5.099999904632568,0,0
Darnell Mooney,WR,2020,173,3,26.0,219.70000064373016,0,0
K.J. Osborn,WR,2020,176,2,42.0,165.6,0,0
Donovan Peoples-Jones,WR,2020,187,3,40.0,167.1,0,0
Quez Watkins,WR,2020,200,3,60.0,121.49999976158142,0,0
James Proche,WR,2020,201,3,132.0,36.200000047683716,0,0
Isaiah Hodgins,WR,2020,207,1,56.0,126.0,0,0
Dezmon Patmon,WR,2020,212,2,178.0,10.09999966621399,0,0
Freddie Swain,WR,2020,214,3,85.0,86.49999970197678,0,0
Jauan Jennings,WR,2020,217,2,77.0,93.3,0,0
K.J. Hill,WR,2020,220,4,125.0,14.300000071525574,0,0
Eno Benjamin,RB,2020,222,2,52.0,89.60000000000001,0,0
Raymond Calais,RB,2020,245,0,,0.0,0,0
Malcolm Perry,RB,2020,246,1,96.0,24.69999995827675,0,0
Tyrie Cleveland,WR,2020,252,3,169.0,12.299999952316284,0,0
Ja'Marr Chase,WR,2021,5,3,3.0,375.59999537467957,1,1
Jaylen Waddle,WR,2021,6,3,11.0,267.40000000000003,1,1
DeVonta Smith,WR,2021,10,3,8.0,295.3,1,1
Kadarius Toney,WR,2021,20,3,91.0,82.3600001335144,0,0
Najee Harris,RB,2021,24,3,5.0,303.50000071525574,1,1
Travis Etienne,RB,2021,25,2,6.0,282.4,1,1
Rashod Bateman,WR,2021,27,3,71.0,103.49999952316284,0,0
Elijah Moore,WR,2021,34,3,54.0,138.19999998807907,0,0
Javonte Williams,RB,2021,35,5,3.0,345.3999981880188,1,1
Rondale Moore,WR,2021,49,3,62.0,119.29999947547913,0,0
D'Wayne Eskridge,WR,2021,56,3,146.0,28.299999833106995,0,0
Tutu Atwell,WR,2021,57,2,59.0,123.2,0,0
Terrace Marshall Jr.,WR,2021,59,3,90.0,83.0,0,0
Josh Palmer,WR,2021,77,3,39.0,174.4,0,0
Dyami Brown,WR,2021,82,3,133.0,34.96,0,0
Amari Rodgers,WR,2021,85,3,123.0,43.1,0,0
Trey Sermon,RB,2021,88,3,88.0,28.299999237060547,0,0
Nico Collins,WR,2021,89,3,7.0,294.2,1,1
Anthony Schwartz,WR,2021,91,2,137.0,33.39999985694885,0,0
Michael Carter,RB,2021,107,3,31.0,154.40000140666962,0,0
Dez Fitzpatrick,WR,2021,109,1,163.0,15.900000095367432,0,0
Amon-Ra St. Brown,WR,2021,112,3,6.0,333.2,1,1
Kene Nwangwu,RB,2021,119,3,99.0,22.999999910593033,0,0
Rhamondre Stevenson,RB,2021,120,3,11.0,249.10000000000002,1,1
Chuba Hubbard,RB,2021,126,3,29.0,182.5,0,0
Jaelon Darden,WR,2021,129,2,175.0,11.399999976158142,0,0
Tylan Wallace,WR,2021,131,3,179.0,8.1,0,0
Jacob Harris,WR,2021,141,1,212.0,1.6,0,0
Kenneth Gainwell,RB,2021,150,3,36.0,139.9000019133091,0,0
Ihmir Smith-Marsette,WR,2021,157,3,141.0,32.5,0,0
Simi Fehoko,WR,2021,179,2,180.0,7.9,0,0
Cornell Powell,WR,2021,181,0,,0.0,0,0
Frank Darby,WR,2021,187,2,206.0,2.5,0,0
Elijah Mitchell,RB,2021,194,3,22.0,200.60000038146973,1,0
Gary Brightwell,RB,2021,196,3,88.0,30.0,0,0
Larry Rountree,RB,2021,198,2,107.0,15.600000001490116,0,0
Chris Evans,RB,2021,202,3,73.0,52.399999268352985,0,0
Marquez Stevenson,WR,2021,203,0,,0.0,0,0
Shi Smith,WR,2021,204,2,106.0,61.6,0,0
Racey McMath,WR,2021,205,2,182.0,6.4,0,0
Jalen Camp,WR,2021,209,1,209.0,1.7000000000000002,0,0
Demetric Felton,RB,2021,211,2,77.0,50.500000193715096,0,0
Khalil Herbert,RB,2021,217,3,42.0,117.80000000000001,0,0
Seth Williams,WR,2021,219,1,202.0,4.400000095367432,0,0
Dazz Newsome,WR,2021,221,1,204.0,4.299999952316284,0,0
Mike Strachan,WR,2021,229,3,175.0,8.9,0,0
Jake Funk,RB,2021,233,2,118.0,3.2,0,0
Tre Nixon,WR,2021,242,0,,0.0,0,0
Gerrid Doaks,RB,2021,244,0,,0.0,0,0
Ben Skowronek,WR,2021,249,3,88.0,84.30000000000001,0,0
Kawaan Baker,WR,2021,255,0,,0.0,0,0
Kylin Hill,RB,2021,256,3,125.0,6.0,0,0
Jermar Jefferson,RB,2021,257,4,1.0,380.28000000000003,1,1
Dax Milne,WR,2021,258,2,157.0,15.7,0,0
Drake London,WR,2022,8,3,7.0,280.8,1,1
Garrett Wilson,WR,2022,10,3,16.0,251.9,1,0
Chris Olave,WR,2022,11,3,21.0,231.3,1,0
Jameson Williams,WR,2022,12,6,6.0,294.1,1,1
Jahan Dotson,WR,2022,16,3,54.0,130.6,0,0
Treylon Burks,WR,2022,18,3,83.0,88.1,0,0
Christian Watson,WR,2022,34,3,43.0,164.10000000000002,0,0
Breece Hall,RB,2022,36,3,5.0,290.5,1,1
Kenneth Walker III,RB,2022,41,3,17.0,216.1,1,0
Wan'Dale Robinson,WR,2022,43,3,39.0,182.70000000000002,0,0
John Metchie,WR,2022,44,2,101.0,65.7,0,0
Tyquan Thornton,WR,2022,50,3,100.0,66.3,0,0
George Pickens,WR,2022,52,3,29.0,218.3,0,0
Alec Pierce,WR,2022,53,3,43.0,161.4,0,0
Skyy Moore,WR,2022,54,3,104.0,62.8,0,0
James Cook,RB,2022,63,3,5.0,324.3,1,1
Velus Jones Jr.,WR,2022,71,3,105.0,38.0,0,0
Jalen Tolbert,WR,2022,88,3,46.0,152.0,0,0
Rachaad White,RB,2022,91,3,3.0,295.5,1,1
Tyrion Davis-Price,RB,2022,93,3,115.0,9.9,0,0
Brian Robinson Jr.,RB,2022,98,3,1.0,532.6,1,1
David Bell,WR,2022,99,3,99.0,62.1,0,0
Danny Gray,WR,2022,105,1,203.0,2.9,0,0
Dameon Pierce,RB,2022,107,3,29.0,166.4,0,0
Zamir White,RB,2022,122,3,56.0,73.9,0,0
Isaiah Spiller,RB,2022,123,2,90.0,19.0,0,0
Erik Ezukanma,WR,2022,125,3,195.0,2.2,0,0
Pierre Strong,RB,2022,127,3,72.0,42.800000000000004,0,0
Hassan Haskins,RB,2022,131,2,78.0,33.3,0,0
Romeo Doubs,WR,2022,132,3,30.0,213.8,0,0
Calvin Austin III,WR,2022,138,2,65.0,124.3,0,0
Khalil Shakir,WR,2022,148,3,27.0,217.9,0,0
Tyler Allgeier,RB,2022,151,3,32.0,159.4,0,0
Snoop Conner,RB,2022,154,1,112.0,10.2,0,0
Jerome Ford,RB,2022,156,3,18.0,220.4,1,0
Montrell Washington,WR,2022,162,2,110.0,56.8,0,0
Kyle Philips,WR,2022,163,2,138.0,33.1,0,0
Kyren Williams,RB,2022,164,3,8.0,299.8,1,1
Ty Chandler,RB,2022,169,3,47.0,101.0,0,0
Kevin Harris,RB,2022,183,2,86.0,21.3,0,0
Jalen Nailor,WR,2022,191,3,74.0,111.30000000000001,0,0
Tyler Badie,RB,2022,196,2,102.0,10.2,0,0
Keaontay Ingram,RB,2022,201,2,98.0,18.099999999999998,0,0
Michael Woods II,WR,2022,202,2,164.0,13.5,0,0
Trestan Ebner,RB,2022,203,1,121.0,8.200000000000001,0,0
Bo Melton,WR,2022,229,2,110.0,56.5,0,0
Dareke Young,WR,2022,233,2,181.0,6.5,0,0
Brittain Brown,RB,2022,250,0,,0.0,0,0
Isiah Pacheco,RB,2022,251,3,7.0,279.2,1,1
Samori Toure,WR,2022,258,2,151.0,19.2,0,0
Zander Horvath,RB,2022,260,1,101.0,18.6,0,0
Bijan Robinson,RB,2023,8,2,1.0,532.6,1,1
Jahmyr Gibbs,RB,2023,12,2,3.0,390.4,1,1
Jaxon Smith-Njigba,WR,2023,20,2,14.0,253.0,1,0
Quentin Johnston,WR,2023,21,2,41.0,174.70000000000002,0,0
Zay Flowers,WR,2023,22,2,19.0,235.4,1,0
Jordan Addison,WR,2023,23,2,24.0,221.3,1,0
Jonathan Mingo,WR,2023,39,2,82.0,84.8,0,0
Jayden Reed,WR,2023,50,2,24.0,225.6,1,0
Zach Charbonnet,RB,2023,52,2,26.0,183.70000000000002,0,0
Rashee Rice,WR,2023,55,2,13.0,271.2,1,0
Marvin Mims,WR,2023,63,2,58.0,132.8,0,0
Tank Dell,WR,2023,69,2,41.0,165.0,0,0
Kendre Miller,RB,2023,71,2,69.0,43.3,0,0
Jalin Hyatt,WR,2023,73,2,104.0,60.3,0,0
Cedric Tillman,WR,2023,74,2,93.0,80.4,0,0
Josh Downs,WR,2023,79,2,40.0,182.2,0,0
Tyjae Spears,RB,2023,81,2,34.0,153.8,0,0
De'Von Achane,RB,2023,84,2,7.0,299.9,1,1
Tank Bigsby,RB,2023,88,2,37.0,129.0,0,0
Michael Wilson,WR,2023,94,2,63.0,124.5,0,0
Tre Tucker,WR,2023,100,2,60.0,129.3,0,0
Roschon Johnson,RB,2023,115,2,46.0,102.1,0,0
Derius Davis,WR,2023,125,2,120.0,41.2,0,0
Charlie Jones,WR,2023,131,2,159.0,20.7,0,0
Tyler Scott,WR,2023,133,2,135.0,35.900000000000006,0,0
Israel Abanikanda,RB,2023,143,1,92.0,18.3,0,0
Justin Shorter,WR,2023,150,0,,0.0,0,0
Dontayvion Wicks,WR,2023,159,2,57.0,130.26,0,0
Chase Brown,RB,2023,163,2,12.0,255.0,1,1
Eric Gray,RB,2023,172,2,96.0,19.3,0,0
Evan Hull,RB,2023,176,1,127.0,1.7000000000000002,0,0
Puka Nacua,WR,2023,177,2,4.0,331.40000000000003,1,1
Parker Washington,WR,2023,185,2,82.0,97.0,0,0
Kayshon Boutte,WR,2023,187,2,67.0,121.9,0,0
Trey Palmer,WR,2023,191,2,64.0,114.4,0,0
Chris Rodriguez,RB,2023,193,2,76.0,37.900000000000006,0,0
A.T. Perry,WR,2023,195,1,102.0,60.6,0,0
Elijah Higgins,WR,2023,197,0,,0.0,0,0
Xavier Hutchinson,WR,2023,205,2,122.0,37.3,0,0
Andrei Iosivas,WR,2023,206,2,71.0,119.9,0,0
DeMario Douglas,WR,2023,210,2,48.0,147.70000000000002,0,0
Deuce Vaughn,RB,2023,212,2,96.0,15.0,0,0
Zach Evans,RB,2023,215,1,126.0,1.9000000000000001,0,0
Antoine Green,WR,2023,219,1,200.0,1.2,0,0
DeWayne McBride,RB,2023,222,0,,0.0,0,0
Colton Dowell,WR,2023,228,1,199.0,1.3,0,0
Lew Nichols,RB,2023,235,0,,0.0,0,0
Kenny McIntosh,RB,2023,237,1,93.0,22.4,0,0
Jalen Brooks,WR,2023,244,3,106.0,35.7,0,0
Ronnie Bell,WR,2023,253,2,143.0,30.8,0,0
Grant Dubose,WR,2023,256,1,199.0,3.0999999999999996,0,0
